firstname|lastname|email|password|phone|gender|city
Abhideep|Sinha|abhideep.si88n331ha@gmai.com|moit|784005558338293|M|chennai
Mohit|Sinha|mohit.si33n88ha2@gmai.com|moit|784008355382595|M|Delhi
Abhideep|Sinha|abhideep.si882n33ha@gmai.com|moit|784005558338293|M|chennai
Mohit|Sinha|mohit.si33n88h2a@gmai.com|moit|784008355382955|M|Delhi
Abhideep|Sinha|abhideep.si388n33ha@gmai.com|moit|784005585338293|M|chennai
Mohit|Sinha|mohit.si33n88h4a@gmai.com|moit|784008355382495|M|Delhi
Abhideep|Sinha|abhideep.si858n33ha@gmai.com|moit|784005558338293|M|chennai
Mohit|Sinha|mohit.si33n88h6a@gmai.com|moit|784008355382795|M|Delhi
Abhideep|Sinha|abhideep.si878n33ha@gmai.com|moit|784070558338293|M|chennai
Mohit|Sinha|mohit.si33n88h5a@gmai.com|moit|784007835538295|M|Delhi
Abhideep|Sinha|abhideep.si848n33ha@gmai.com|moit|784005583538293|M|chennai
Mohit|Sinha|mohit.si33n488ha@gmai.com|moit|784008355348295|M|Delhi